0,0.10249999999999999,0,0,1
-0.042763157894736836,0.095657894736842108,0,0.052631578947368418,1
-0.085526315789473673,0.088815789473684209,0,0.10526315789473684,1
-0.12828947368421051,0.081973684210526324,0,0.15789473684210525,1
-0.17105263157894735,0.075131578947368438,0,0.21052631578947367,1
-0.2162006578947368,0.073289473684210529,0,0.26315789473684209,1
-0.26850328947368418,0.086447368421052634,0,0.31578947368421051,1
-0.3208059210526315,0.099605263157894752,0,0.36842105263157893,1
-0.37310855263157894,0.11276315789473684,0,0.42105263157894735,1
-0.42541118421052626,0.12592105263157893,0,0.47368421052631576,1
-0.4782072368421052,0.14907894736842103,0,0.52631578947368418,1
-0.53149671052631575,0.1822368421052632,0,0.57894736842105265,1
-0.58478618421052631,0.21539473684210525,0,0.63157894736842102,1
-0.63807565789473686,0.24855263157894736,0,0.68421052631578949,1
-0.69136513157894741,0.28171052631578947,0,0.73684210526315785,1
-0.74144736842105274,0.34210526315789475,0,0.78947368421052633,1
-0.79046052631578945,0.41157894736842099,0,0.84210526315789469,1
-0.83947368421052637,0.48105263157894734,0,0.89473684210526316,1
-0.88848684210526319,0.55052631578947364,0,0.94736842105263153,1
-0.9375,0.62,0,1,1
0,0.10249999999999999,0.02564102564102564,0,1
-0.04445679558604787,0.098413332070264051,0.02564102564102564,0.052631578947368418,1.0000000000000002
-0.088689583513041681,0.094346575932443971,0.02564102564102564,0.10526315789473684,1
-0.13308319306965358,0.090265524538657854,0.02564102564102564,0.15789473684210525,1
-0.17793427911986415,0.086143808567662974,0.02564102564102564,0.21052631578947367,1
-0.22409539473684209,0.087014170040485811,0.02564102564102564,0.26315789473684209,1
-0.27493102253104457,0.10274006281157873,0.02564102564102564,0.31578947368421051,1
-0.32559170129477433,0.11836837396418665,0.02564102564102564,0.36842105263157893,1
-0.37702109517932247,0.134104414419393,0.02564102564102564,0.42105263157894735,0.99999999999999989
-0.42885247975708496,0.15001012145748985,0.02564102564102564,0.47368421052631576,1
-0.48063638663967601,0.17551619433198379,0.02564102564102564,0.52631578947368418,0.99999999999999989
-0.53216875438979661,0.21038755426710601,0.02564102564102564,0.57894736842105265,0.99999999999999989
-0.58400068249465731,0.24531058103519673,0.02564102564102564,0.63157894736842102,0.99999999999999989
-0.63710261761913045,0.28091882537329649,0.02564102564102564,0.68421052631578949,1
-0.69015055668016179,0.31656882591093105,0.02564102564102564,0.73684210526315785,0.99999999999999989
-0.7381805905071237,0.3761521069174944,0.02564102564102564,0.78947368421052633,1
-0.78345796582210614,0.44290919206143931,0.02564102564102564,0.84210526315789469,0.99999999999999978
-0.82992246048453011,0.51044106941015177,0.02564102564102564,0.89473684210526316,1
-0.8776681229726,0.57901051269630532,0.02564102564102564,0.94736842105263153,0.99999999999999989
-0.92451923076923082,0.64692307692307693,0.02564102564102564,1,1
0,0.10250000000000001,0.05128205128205128,0,1
-0.045841714852577618,0.1011962110414443,0.05128205128205128,0.052631578947368418,1
-0.091215311001144578,0.099934032634356199,0.05128205128205128,0.10526315789473684,1
-0.13691069972720946,0.09864325044260161,0.05128205128205128,0.15789473684210525,1
-0.1838569770433256,0.0972412781539536,0.05128205128205128,0.21052631578947367,1
-0.23199013157894735,0.10073886639676113,0.05128205128205128,0.26315789473684209,1
-0.27959126125193851,0.11891732900053971,0.05128205128205128,0.31578947368421051,1
-0.32847623493840827,0.13682165199146229,0.05128205128205128,0.36842105263157893,1.0000000000000002
-0.37880090975316022,0.15492514072668903,0.05128205128205128,0.42105263157894735,0.99999999999999978
-0.43166228138807244,0.17390184843478479,0.05128205128205128,0.47368421052631576,1
-0.48237237319398324,0.20168505638142875,0.05128205128205128,0.52631578947368418,1
-0.53003029655885037,0.23723694088554867,0.05128205128205128,0.57894736842105265,1
-0.58021367573206839,0.27364909471693288,0.05128205128205128,0.63157894736842102,1
-0.63278396306378359,0.31135159679142893,0.05128205128205128,0.68421052631578949,1
-0.68893598178137627,0.3514271255060728,0.05128205128205128,0.73684210526315785,0.99999999999999978
-0.73226338240050493,0.40843133248563257,0.05128205128205128,0.78947368421052633,0.99999999999999989
-0.77301998229593494,0.47178086652755924,0.05128205128205128,0.84210526315789469,1
-0.81709498832628236,0.53731309852961462,0.05128205128205128,0.89473684210526316,1
-0.86379652163932241,0.60497723296433403,0.05128205128205128,0.94736842105263153,1
-0.91153846153846152,0.67384615384615376,0.05128205128205128,1,1
0,0.10249999999999999,0.076923076923076927,0,1
-0.046876963303042009,0.10401017186294147,0.076923076923076927,0.052631578947368418,1
-0.09319370531802397,0.10557014117371052,0.076923076923076927,0.10526315789473684,1
-0.13989313483673099,0.10709609381748175,0.076923076923076927,0.15789473684210525,1
-0.18813658726849747,0.10848479998009217,0.076923076923076927,0.21052631578947367,1
-0.23824024464076068,0.11455326950468872,0.076923076923076927,0.26315789473684209,1
-0.28253131217675026,0.13498225639465453,0.076923076923076927,0.31578947368421051,1
-0.32974144795976307,0.15501103742464645,0.076923076923076927,0.36842105263157893,1
-0.37864666292579496,0.17527382492928478,0.076923076923076927,0.42105263157894735,1.0000000000000002
-0.43099463294413043,0.19670687226366423,0.076923076923076927,0.47368421052631576,1
-0.48029131493948091,0.22637600214902867,0.076923076923076927,0.52631578947368418,0.99999999999999989
-0.52534313916953923,0.26290622224224031,0.076923076923076927,0.57894736842105265,1
-0.57387026192472379,0.30064418612323901,0.076923076923076927,0.63157894736842102,1.0000000000000002
-0.62520923875156698,0.33990269339588791,0.076923076923076927,0.68421052631578949,0.99999999999999989
-0.68397428111044867,0.3839530495582551,0.076923076923076927,0.73684210526315785,1
-0.72180486246111453,0.43768187786787277,0.076923076923076927,0.78947368421052633,1
-0.75957729993230838,0.49850221975734083,0.076923076923076927,0.84210526315789469,1
-0.80145483181591393,0.56202477151204588,0.076923076923076927,0.89473684210526316,1
-0.84646706445828745,0.62809252604158372,0.076923076923076927,0.94736842105263153,1
-0.89855769230769234,0.7007692307692307,0.076923076923076927,1,1
0,0.10249999999999999,0.10256410256410256,0,1
-0.047605864083461319,0.10684977328539108,0.10256410256410256,0.052631578947368418,1
-0.094362158470091453,0.11120817035694784,0.10256410256410256,0.10526315789473684,1
-0.14172899988988019,0.11556376186527845,0.10256410256410256,0.15789473684210525,0.99999999999999978
-0.19103723466958941,0.1198508962794823,0.10256410256410256,0.21052631578947367,1.0000000000000002
-0.24079752579810149,0.12856909980740572,0.10256410256410256,0.26315789473684209,1
-0.28373737341690614,0.15090395088641062,0.10256410256410256,0.31578947368421051,1
-0.32857600110129126,0.17274345580670686,0.10256410256410256,0.36842105263157893,1
-0.37624223030755111,0.19506484032698529,0.10256410256410256,0.42105263157894735,0.99999999999999989
-0.42719657599127808,0.21853364343350914,0.10256410256410256,0.47368421052631576,0.99999999999999989
-0.47477414422012015,0.24973652430034177,0.10256410256410256,0.52631578947368418,1.0000000000000002
-0.51780750492992378,0.2872923033852503,0.10256410256410256,0.57894736842105265,1
-0.56406527776681703,0.32588204206465771,0.10256410256410256,0.63157894736842102,1.0000000000000002
-0.61450126769983604,0.36665576287346496,0.10256410256410256,0.68421052631578949,1
-0.67059879865717142,0.4112418665459126,0.10256410256410256,0.73684210526315785,1
-0.70753504249405796,0.46439060068840138,0.10256410256410256,0.78947368421052633,0.99999999999999989
-0.7425614285069172,0.52282177238696803,0.10256410256410256,0.84210526315789469,0.99999999999999978
-0.7821913289146043,0.58424588259356991,0.10256410256410256,0.89473684210526316,0.99999999999999978
-0.82612950340622648,0.64874554420183528,0.10256410256410256,0.94736842105263153,1.0000000000000002
-0.87259615384615374,0.71619395384615392,0.10256410256410256,1,1
0,0.10249999999999999,0.12820512820512819,0,1
-0.047734389899478001,0.10967533635911447,0.12820512820512819,0.052631578947368418,0.99999999999999989
-0.094439576669711298,0.11680115629120222,0.12820512820512819,0.10526315789473684,0.99999999999999989
-0.14187070160775253,0.12396151953798065,0.12820512820512819,0.15789473684210525,0.99999999999999989
-0.19181972714999806,0.13124937397431768,0.12820512820512819,0.21052631578947367,0.99999999999999989
-0.24008729757085018,0.14276315789473681,0.12820512820512819,0.26315789473684209,1
-0.28171038241505719,0.166394289331353,0.12820512820512819,0.31578947368421051,1
-0.32432886528709459,0.18986253610698528,0.12820512820512819,0.36842105263157893,1
-0.37018221493218723,0.21393218490704774,0.12820512820512819,0.42105263157894735,0.99999999999999978
-0.41976786912447789,0.23923060073755348,0.12820512820512819,0.47368421052631576,1
-0.46528469443057319,0.27156953148764346,0.12820512820512819,0.52631578947368418,1.0000000000000002
-0.50588838707781514,0.30978135416614822,0.12820512820512819,0.57894736842105265,1
-0.55008133308076634,0.34903677295205238,0.12820512820512819,0.63157894736842102,1
-0.59876722210880584,0.39059729334539978,0.12820512820512819,0.68421052631578949,1
-0.64977859311740893,0.4338967611336032,0.12820512820512819,0.73684210526315785,0.99999999999999989
-0.68816340374422258,0.48779392771519547,0.12820512820512819,0.78947368421052633,1
-0.72079664629274054,0.54413610237221732,0.12820512820512819,0.84210526315789469,0.99999999999999978
-0.75841324616432348,0.60359216974005847,0.12820512820512819,0.89473684210526316,1
-0.8007591513151735,0.66602305652301241,0.12820512820512819,0.94736842105263153,1
-0.84230769230769231,0.72778589230769231,0.12820512820512819,1,1
0,0.10249999999999999,0.15384615384615385,0,1
-0.047134911531461529,0.11247073564260472,0.15384615384615385,0.052631578947368418,1.0000000000000002
-0.093485099568009586,0.12235067462225203,0.15384615384615385,0.10526315789473684,0.99999999999999989
-0.14040390620751284,0.13229164369591739,0.15384615384615385,0.15789473684210525,0.99999999999999978
-0.18922026569725511,0.1424918417018442,0.15384615384615385,0.21052631578947367,0.99999999999999989
-0.23813577729728183,0.1568144517329747,0.15384615384615385,0.26315789473684209,1.0000000000000002
-0.27634245346304664,0.18142839245250486,0.15384615384615385,0.31578947368421051,1
-0.31716537235591491,0.20640030002180954,0.15384615384615385,0.36842105263157893,0.99999999999999978
-0.36057857040919433,0.2319037128056512,0.15384615384615385,0.42105263157894735,1
-0.40711451536561577,0.25837531277982462,0.15384615384615385,0.47368421052631576,0.99999999999999978
-0.45027867707805841,0.2914440129620503,0.15384615384615385,0.52631578947368418,1
-0.4897260110810055,0.33043606851450164,0.15384615384615385,0.57894736842105265,0.99999999999999989
-0.5321480838801036,0.37022390337711197,0.15384615384615385,0.63157894736842102,1
-0.5778914541628154,0.41166798494071727,0.15384615384615385,0.68421052631578949,0.99999999999999978
-0.62706897039672094,0.45540499377291183,0.15384615384615385,0.73684210526315785,1
-0.66164856798596938,0.50671772672845872,0.15384615384615385,0.78947368421052633,1
-0.69453035826821075,0.56260462036349557,0.15384615384615385,0.84210526315789469,0.99999999999999978
-0.73037195553815382,0.6202281913077875,0.15384615384615385,0.89473684210526316,1
-0.76946241547034444,0.67950388668451456,0.15384615384615385,0.94736842105263153,1
-0.81201923076923077,0.7393778307692308,0.15384615384615385,1,1
0,0.10250000000000001,0.17948717948717949,0,1
-0.046021551207574903,0.11522377207985166,0.17948717948717949,0.052631578947368418,1
-0.091304931281257024,0.1277822637191128,0.17948717948717949,0.10526315789473684,0.99999999999999978
-0.13711681984746382,0.1404659616290809,0.17948717948717949,0.15789473684210525,1.0000000000000002
-0.18476682440170855,0.15350398745083207,0.17948717948717949,0.21052631578947367,0.99999999999999989
-0.23222737648756525,0.17019501853459412,0.17948717948717949,0.26315789473684209,1.0000000000000002
-0.26797120178690848,0.19600737680036978,0.17948717948717949,0.31578947368421051,0.99999999999999978
-0.30649084151003059,0.22208939736461819,0.17948717948717949,0.36842105263157893,1
-0.34731773091573631,0.24889479613976626,0.17948717948717949,0.42105263157894735,1
-0.3912870862158182,0.27661417917658571,0.17948717948717949,0.47368421052631576,1
-0.43202209813068998,0.31024968097824462,0.17948717948717949,0.52631578947368418,0.99999999999999989
-0.46920313660595264,0.34919668390515685,0.17948717948717949,0.57894736842105265,1
-0.50943706061917426,0.38904418669512814,0.17948717948717949,0.63157894736842102,0.99999999999999989
-0.55253203894129077,0.43025778792691238,0.17948717948717949,0.68421052631578949,0.99999999999999978
-0.59929822140886679,0.47388677514943001,0.17948717948717949,0.73684210526315785,0.99999999999999989
-0.63191678660945105,0.52374217531145462,0.17948717948717949,0.78947368421052633,1
-0.66314894703125016,0.57804118661566106,0.17948717948717949,0.84210526315789469,1.0000000000000002
-0.6971845985910714,0.63391472558443118,0.17948717948717949,0.89473684210526316,0.99999999999999978
-0.73426504704929174,0.6907799757533406,0.17948717948717949,0.94736842105263153,1
-0.77500000000000002,0.74873780000000001,0.17948717948717949,1,1
0,0.10249999999999999,0.20512820512820512,0,1
-0.04444769053500016,0.11784903509936401,0.20512820512820512,0.052631578947368418,1
-0.088020404825111614,0.13290179075673181,0.20512820512820512,0.10526315789473684,1
-0.13220976247210431,0.14816396142627297,0.20512820512820512,0.15789473684210525,1.0000000000000002
-0.17854821772270202,0.16414370808633144,0.20512820512820512,0.21052631578947367,1
-0.22236209514170038,0.18290485829959513,0.20512820512820512,0.26315789473684209,0.99999999999999989
-0.25704995846976775,0.20969799172906176,0.20512820512820512,0.31578947368421051,1
-0.29272661485402068,0.23666702492441949,0.20512820512820512,0.36842105263157893,1
-0.33102237920511934,0.26466729672471395,0.20512820512820512,0.42105263157894735,1.0000000000000002
-0.37228654448896858,0.29394700819150993,0.20512820512820512,0.47368421052631576,0.99999999999999989
-0.41051600304731994,0.32798656859421393,0.20512820512820512,0.52631578947368418,1
-0.44512469501668683,0.36632077837460342,0.20512820512820512,0.57894736842105265,1
-0.48260765178932596,0.40588230586711838,0.20512820512820512,0.63157894736842102,1
-0.52356825619606506,0.44709203203698522,0.20512820512820512,0.68421052631578949,0.99999999999999989
-0.56646634615384617,0.48934210526315791,0.20512820512820512,0.73684210526315785,1
-0.59922155088404472,0.53922087378690775,0.20512820512820512,0.78947368421052633,1.0000000000000002
-0.627303452401479,0.59168654084226591,0.20512820512820512,0.84210526315789469,0.99999999999999989
-0.65934156292802726,0.64594017097802525,0.20512820512820512,0.89473684210526316,1
-0.69550957803143398,0.70112679253428922,0.20512820512820512,0.94736842105263153,0.99999999999999978
-0.73124999999999996,0.75586580000000003,0.20512820512820512,1,1
0,0.10249999999999999,0.23076923076923078,0,1
-0.042261428641622821,0.1202591695874743,0.23076923076923078,0.052631578947368418,0.99999999999999989
-0.083866887949350252,0.13771720238041715,0.23076923076923078,0.10526315789473684,1
-0.12594830533238152,0.1553877719427014,0.23076923076923078,0.15789473684210525,0.99999999999999989
-0.16946341960428765,0.17380219876453185,0.23076923076923078,0.21052631578947367,0.99999999999999989
-0.21135930589761542,0.19532234740700613,0.23076923076923078,0.26315789473684209,1.0000000000000002
-0.24340685738521239,0.22234071349488166,0.23076923076923078,0.31578947368421051,1
-0.27663571310169438,0.25029553443163899,0.23076923076923078,0.36842105263157893,1
-0.31195496446381388,0.27924890363518728,0.23076923076923078,0.42105263157894735,1.0000000000000002
-0.34908935905701971,0.30952287371343745,0.23076923076923078,0.47368421052631576,0.99999999999999989
-0.38460958420485136,0.34380022674405097,0.23076923076923078,0.52631578947368418,1.0000000000000002
-0.4178003856290089,0.38192970132231785,0.23076923076923078,0.57894736842105265,0.99999999999999989
-0.45275177414952444,0.42129120093010519,0.23076923076923078,0.63157894736842102,1
-0.49066351735637492,0.462045965562836,0.23076923076923078,0.68421052631578949,1
-0.53200322750779427,0.50392112684569512,0.23076923076923078,0.73684210526315785,1
-0.56085519026778052,0.55227346872030558,0.23076923076923078,0.78947368421052633,1
-0.58778226836103853,0.60405990878004234,0.23076923076923078,0.84210526315789469,1
-0.61789372661932118,0.65698518820860807,0.23076923076923078,0.89473684210526316,1
-0.65156951094052928,0.7104390765385884,0.23076923076923078,0.94736842105263153,0.99999999999999989
-0.6875,0.76299380000000006,0.23076923076923078,1,1
0,0.10249999999999999,0.25641025641025639,0,1
-0.039584642202028009,0.12247950505776223,0.25641025641025639,0.052631578947368418,0.99999999999999978
-0.078763382540860447,0.14218274176691301,0.25641025641025639,0.10526315789473684,1
-0.11823208498804086,0.16208533597439989,0.25641025641025639,0.15789473684210525,1
-0.15875772484566503,0.18269745758941772,0.25641025641025639,0.21052631578947367,1.0000000000000002
-0.19821221361989194,0.20629916192211972,0.25641025641025639,0.26315789473684209,1
-0.22715753274664058,0.23395301609194441,0.25641025641025639,0.31578947368421051,1
-0.25795900900210889,0.26281511610381841,0.25641025641025639,0.36842105263157893,1
-0.29001522014797776,0.29257997451380158,0.25641025641025639,0.42105263157894735,1
-0.32383383573648516,0.32365581258854792,0.25641025641025639,0.47368421052631576,1
-0.35643816072316914,0.35814035489212076,0.25641025641025639,0.52631578947368418,0.99999999999999978
-0.38710658389169017,0.39595627139151024,0.25641025641025639,0.57894736842105265,0.99999999999999978
-0.41950999556983876,0.43507725017325122,0.25641025641025639,0.63157894736842102,1
-0.45394849921784658,0.47519128598382582,0.25641025641025639,0.68421052631578949,1
-0.49288947760696794,0.51679213215901376,0.25641025641025639,0.73684210526315785,1
-0.51880626887759307,0.56400042081633261,0.25641025641025639,0.78947368421052633,1.0000000000000002
-0.54427609059475712,0.61505434516699165,0.25641025641025639,0.84210526315789469,0.99999999999999989
-0.57244372230637031,0.66693577243585089,0.25641025641025639,0.89473684210526316,1
-0.60330152632732059,0.71900055615035019,0.25641025641025639,0.94736842105263153,0.99999999999999978
-0.64014423076923088,0.7703198,0.25641025641025639,1,1
0,0.10250000000000001,0.28205128205128205,0,1
-0.036662180050618547,0.12453097837649682,0.28205128205128205,0.052631578947368418,1
-0.072804134496555845,0.14617632770038955,0.28205128205128205,0.10526315789473684,0.99999999999999989
-0.1093126746726103,0.16809394813019252,0.28205128205128205,0.15789473684210525,1.0000000000000002
-0.14709937436352177,0.19095019363970317,0.28205128205128205,0.21052631578947367,1.0000000000000002
-0.18264170040485828,0.21564777327935222,0.28205128205128205,0.26315789473684209,1
-0.20931118235017204,0.24450999183992564,0.28205128205128205,0.31578947368421051,0.99999999999999978
-0.23672454117765049,0.27386073166999314,0.28205128205128205,0.36842105263157893,1
-0.26582070236264765,0.30446621326548895,0.28205128205128205,0.42105263157894735,1
-0.29687248434175928,0.336526805533504,0.28205128205128205,0.47368421052631576,1.0000000000000002
-0.32637748679372675,0.37119897205685554,0.28205128205128205,0.52631578947368418,1.0000000000000002
-0.35361394827546377,0.40839238760435981,0.28205128205128205,0.57894736842105265,1
-0.38272000726977856,0.44702704549251293,0.28205128205128205,0.63157894736842102,0.99999999999999989
-0.41448026772331276,0.48704682890894241,0.28205128205128205,0.68421052631578949,1
-0.44851973684210522,0.52773279352226721,0.28205128205128205,0.73684210526315785,1
-0.47416932106811877,0.57497343785250987,0.28205128205128205,0.78947368421052633,1
-0.49686042461247037,0.62480808031196633,0.28205128205128205,0.84210526315789469,1.0000000000000002
-0.52278659323856169,0.67580515663295071,0.28205128205128205,0.89473684210526316,0.99999999999999989
-0.5521866008009102,0.72733020394834225,0.28205128205128205,0.94736842105263153,1
-0.58197115384615394,0.77823980000000004,0.28205128205128205,1,1
0,0.10250000000000001,0.30769230769230771,0,1
-0.033382465769708422,0.12631195072426041,0.30769230769230771,0.052631578947368418,1.0000000000000002
-0.066323714090517003,0.14977496892976849,0.30769230769230771,0.10526315789473684,1
-0.099580752549075224,0.17348666738148358,0.30769230769230771,0.15789473684210525,0.99999999999999978
-0.1338395693310892,0.19800833714596033,0.30769230769230771,0.21052631578947367,1
-0.16598259826612238,0.22426291394455319,0.30769230769230771,0.26315789473684209,1
-0.18972278293707526,0.25375248475490897,0.30769230769230771,0.31578947368421051,0.99999999999999978
-0.21394179063742508,0.28374325872091682,0.30769230769230771,0.36842105263157893,0.99999999999999989
-0.23971075879309706,0.31491719214532921,0.30769230769230771,0.42105263157894735,1
-0.267315746133163,0.34746683961774616,0.30769230769230771,0.47368421052631576,0.99999999999999989
-0.29347600686368785,0.38229656382862842,0.30769230769230771,0.52631578947368418,1.0000000000000002
-0.31768197794066622,0.41932025664173217,0.30769230769230771,0.57894736842105265,1.0000000000000002
-0.34360736333474273,0.45770605470634479,0.30769230769230771,0.63157894736842102,1
-0.37192337185380381,0.49739997446085737,0.30769230769230771,0.68421052631578949,1.0000000000000002
-0.4017904034210148,0.53780352355852745,0.30769230769230771,0.73684210526315785,1
-0.42521275180084223,0.58442703575479815,0.30769230769230771,0.78947368421052633,1
-0.44642634172247025,0.6336855191975812,0.30769230769230771,0.84210526315789469,1.0000000000000002
-0.47012933149361424,0.68400573503757311,0.30769230769230771,0.89473684210526316,1
-0.49682768303101232,0.73498503715895391,0.30769230769230771,0.94736842105263153,1
-0.52379807692307701,0.78615979999999996,0.30769230769230771,1,1
0,0.10249999999999999,0.33333333333333331,0,1
-0.029770518808908158,0.12783906080573856,0.33333333333333331,0.052631578947368418,1
-0.059303138855430142,0.15296353903273391,0.33333333333333331,0.10526315789473684,1
-0.089015729291800141,0.17824782093980818,0.33333333333333331,0.15789473684210525,1
-0.11932865091671988,0.20408168384566272,0.33333333333333331,0.21052631578947367,1
-0.14827963131102642,0.23194227792331507,0.33333333333333331,0.26315789473684209,1
-0.16839580981392097,0.2616839574898786,0.33333333333333331,0.31578947368421051,1.0000000000000002
-0.18955536888391178,0.29241560149646578,0.33333333333333331,0.36842105263157893,1
-0.21164326997708457,0.32390181475458302,0.33333333333333331,0.42105263157894735,1
-0.23552335590313336,0.35672345381937332,0.33333333333333331,0.47368421052631576,1
-0.25818936552836375,0.39168428732336669,0.33333333333333331,0.52631578947368418,0.99999999999999989
-0.27925581432953883,0.42870721836191605,0.33333333333333331,0.57894736842105265,1
-0.30210962687296483,0.46706872945235678,0.33333333333333331,0.63157894736842102,1
-0.3262827609194956,0.50625476876362507,0.33333333333333331,0.68421052631578949,1
-0.35295113047749466,0.546725261967135,0.33333333333333331,0.73684210526315785,1
-0.37289547797135836,0.59258015413664145,0.33333333333333331,0.78947368421052633,1
-0.39290538059985003,0.64166637344532085,0.33333333333333331,0.84210526315789469,0.99999999999999978
-0.41439255230128863,0.69151625592501664,0.33333333333333331,0.89473684210526316,1
-0.43751550900825775,0.7419714660939194,0.33333333333333331,0.94736842105263153,1
-0.46562500000000012,0.7940798,0.33333333333333331,1,1
0,0.10250000000000001,0.35897435897435898,0,1
-0.025993801802097101,0.12922385950236967,0.35897435897435898,0.052631578947368418,1
-0.051546386155294326,0.15556945848277987,0.35897435897435898,0.10526315789473684,0.99999999999999978
-0.077414760646241226,0.18218529887540855,0.35897435897435898,0.15789473684210525,1
-0.10428491346064386,0.20966815535624386,0.35897435897435898,0.21052631578947367,1
-0.12911518935923977,0.23831149694050463,0.35897435897435898,0.26315789473684209,1
-0.14583676760380201,0.26861271638834955,0.35897435897435898,0.31578947368421051,1
-0.16319654060797686,0.29949155595242849,0.35897435897435898,0.36842105263157893,1
-0.18185734148790678,0.3314942673377822,0.35897435897435898,0.42105263157894735,1
-0.20210825625462051,0.36475428901045853,0.35897435897435898,0.47368421052631576,1
-0.22118349674223042,0.39982692820109811,0.35897435897435898,0.52631578947368418,1
-0.23882185590405761,0.43668026353650941,0.35897435897435898,0.57894736842105265,1.0000000000000002
-0.25808634400908487,0.47481059925519431,0.35897435897435898,0.63157894736842102,0.99999999999999989
-0.27881413219266149,0.51404175656115081,0.35897435897435898,0.68421052631578949,1
-0.3011578123278974,0.55403834137229291,0.35897435897435898,0.73684210526315785,1.0000000000000002
-0.31916675623278118,0.60003129889964524,0.35897435897435898,0.78947368421052633,0.99999999999999989
-0.33642733192731289,0.64862138302992189,0.35897435897435898,0.84210526315789469,1
-0.35534058540450009,0.69816450062170798,0.35897435897435898,0.89473684210526316,1
-0.37636260107249858,0.74838434230999495,0.35897435897435898,0.94736842105263153,0.99999999999999989
-0.39831730769230778,0.79883179999999998,0.35897435897435898,1,1
0,0.10250000000000001,0.38461538461538464,0,1
-0.021884852115395884,0.13032793029523079,0.38461538461538464,0.052631578947368418,1.0000000000000002
-0.043249478626110505,0.15772176688387815,0.38461538461538464,0.10526315789473684,1
-0.064980690866942276,0.18542174003469564,0.38461538461538464,0.15789473684210525,1.0000000000000002
-0.087990062622631093,0.21418417252192315,0.38461538461538464,0.21052631578947367,1.0000000000000002
-0.10890688259109312,0.24374493927125504,0.38461538461538464,0.26315789473684209,0.99999999999999989
-0.12176840403565667,0.27423712426613867,0.38461538461538464,0.31578947368421051,0.99999999999999978
-0.13555943719613373,0.3054467278835693,0.38461538461538464,0.36842105263157893,0.99999999999999989
-0.15067188370347026,0.33782640030930067,0.38461538461538464,0.42105263157894735,1
-0.16668814787024416,0.37119840182475095,0.38461538461538464,0.47368421052631576,0.99999999999999989
-0.18207737884475106,0.40636823881853362,0.38461538461538464,0.52631578947368418,1
-0.19696681180071426,0.44343082168495057,0.38461538461538464,0.57894736842105265,1
-0.21272646709001955,0.48148330413585805,0.38461538461538464,0.63157894736842102,1
-0.22977485392443386,0.52061716696079741,0.38461538461538464,0.68421052631578949,1
-0.24725455465587043,0.56020242914979756,0.38461538461538464,0.73684210526315785,1
-0.26341572897509302,0.60633674303112073,0.38461538461538464,0.78947368421052633,1.0000000000000004
-0.27822288042057319,0.65477702581068298,0.38461538461538464,0.84210526315789469,1.0000000000000002
-0.29440644895396906,0.70414812817795713,0.38461538461538464,0.89473684210526316,0.99999999999999978
-0.31263330084526464,0.75407881729906567,0.38461538461538464,0.94736842105263153,1
-0.33100961538461537,0.80358379999999996,0.38461538461538464,1,1
0,0.10249999999999999,0.41025641025641024,0,1
-0.017418650299194007,0.13113127651465883,0.41025641025641024,0.052631578947368418,1
-0.034431398735192423,0.15943521595115456,0.41025641025641024,0.10526315789473684,1
-0.051734109279538823,0.18797391711714595,0.41025641025641024,0.15789473684210525,1
-0.070093757234328979,0.21736043088867779,0.41025641025641024,0.21052631578947367,1.0000000000000002
-0.087661381392378307,0.24833277747040858,0.41025641025641024,0.26315789473684209,1
-0.096186433758567891,0.27855369490533521,0.41025641025641024,0.31578947368421051,1
-0.10670779475035712,0.31033049790307732,0.41025641025641024,0.36842105263157893,0.99999999999999989
-0.11811226336140307,0.3429231244464821,0.41025641025641024,0.42105263157894735,1
-0.12994273697670819,0.37624404032105285,0.41025641025641024,0.47368421052631576,1
-0.14169938261720039,0.41154621077463588,0.41025641025641024,0.52631578947368418,1.0000000000000002
-0.1537133237991648,0.44898199335224837,0.41025641025641024,0.57894736842105265,0.99999999999999989
-0.16611921652849779,0.48713870753182142,0.41025641025641024,0.63157894736842102,0.99999999999999989
-0.17915463051195119,0.52597594054667374,0.41025641025641024,0.68421052631578949,0.99999999999999989
-0.19289330057357826,0.56578813254317928,0.41025641025641024,0.73684210526315785,1
-0.20561330300324757,0.61138507619299154,0.41025641025641024,0.78947368421052633,0.99999999999999978
-0.21833894748030486,0.66015205095065077,0.41025641025641024,0.84210526315789469,1
-0.23167983216787133,0.70948860925987711,0.41025641025641024,0.89473684210526316,0.99999999999999989
-0.24620896804606179,0.75904223157657424,0.41025641025641024,0.94736842105263153,1
-0.26370192307692319,0.80833580000000005,0.41025641025641024,1,1
0,0.10249999999999999,0.4358974358974359,0,1
-0.012715718225842722,0.13173935581625329,0.4358974358974359,0.052631578947368418,1.0000000000000002
-0.025151743169023535,0.16066895105180939,0.4358974358974359,0.10526315789473684,0.99999999999999989
-0.037774233964076032,0.18981388861993309,0.4358974358974359,0.15789473684210525,0.99999999999999989
-0.051244796122506306,0.21977114054172969,0.4358974358974359,0.21052631578947367,1
-0.064107860253368107,0.25104062851819431,0.4358974358974359,0.26315789473684209,1
-0.069493664645778594,0.28184901445982274,0.4358974358974359,0.31578947368421051,0.99999999999999989
-0.076604155769550084,0.31394128779104558,0.4358974358974359,0.36842105263157893,1
-0.084341824411766422,0.34683426605252521,0.4358974358974359,0.42105263157894735,1
-0.092634830804227269,0.38050707669012729,0.4358974358974359,0.47368421052631576,1
-0.10084448821837015,0.41598071070987186,0.4358974358974359,0.52631578947368418,1
-0.10921950360517514,0.45336040772374575,0.4358974358974359,0.57894736842105265,1
-0.11808139850587758,0.49147930847741089,0.4358974358974359,0.63157894736842102,1.0000000000000002
-0.12750713079221129,0.53040400992698788,0.4358974358974359,0.68421052631578949,1
-0.13754589251679614,0.57009813036956114,0.4358974358974359,0.73684210526315785,0.99999999999999978
-0.1471451309198144,0.6159017760156742,0.4358974358974359,0.78947368421052633,1
-0.15675491487436433,0.66457592834142065,0.4358974358974359,0.84210526315789469,0.99999999999999989
-0.16700600553710152,0.71393417831860351,0.4358974358974359,0.89473684210526316,1
-0.17838063280217017,0.7637270950013626,0.4358974358974359,0.94736842105263153,1
-0.19134615407692313,0.81308779999999992,0.4358974358974359,1,1
0,0.10249999999999999,0.46153846153846156,0,1
-0.0079014148000601248,0.13217167444875158,0.46153846153846156,0.052631578947368418,1
-0.015720984821879082,0.16159658588253362,0.46153846153846156,0.10526315789473684,1.0000000000000002
-0.023599922971540219,0.19119636901379833,0.46153846153846156,0.15789473684210525,1
-0.031651870481437257,0.22138623694602189,0.46153846153846156,0.21052631578947367,1
-0.038512145748987862,0.25208502024291496,0.46153846153846156,0.26315789473684209,0.99999999999999989
-0.042322970033017784,0.28432216961056689,0.46153846153846156,0.31578947368421051,0.99999999999999989
-0.045916987757143056,0.31670516132232046,0.46153846153846156,0.36842105263157893,1.0000000000000002
-0.049947542070444682,0.34985633844679209,0.46153846153846156,0.42105263157894735,1
-0.054675831713418228,0.38386806384057154,0.46153846153846156,0.47368421052631576,0.99999999999999989
-0.059425232157750314,0.41955184471124696,0.46153846153846156,0.52631578947368418,1
-0.064012241807024695,0.45677837884337597,0.46153846153846156,0.57894736842105265,1
-0.069293160845862692,0.4948589662924287,0.46153846153846156,0.63157894736842102,1.0000000000000002
-0.075206204646356467,0.53385640455649563,0.46153846153846156,0.68421052631578949,1.0000000000000002
-0.081325910931174097,0.57327935222672066,0.46153846153846156,0.73684210526315785,1
-0.087933452489088279,0.61963925631076677,0.46153846153846156,0.78947368421052633,0.99999999999999989
-0.094280244606358768,0.66817536585979742,0.46153846153846156,0.84210526315789469,1
-0.10127406806986017,0.71762811102473956,0.46153846153846156,0.89473684210526316,1
-0.10930660246968063,0.76778986092211432,0.46153846153846156,0.94736842105263153,1
-0.1173076928461538,0.81783980000000001,0.46153846153846156,1,1
0,0.10249999999999999,0.48717948717948717,0,1
-0.0030083835655530296,0.13241902834008096,0.48717948717948717,0.052631578947368418,1
-0.0061816889738051627,0.16226357290252874,0.48717948717948717,0.10526315789473684,0.99999999999999967
-0.0092558992942529932,0.19217229364166546,0.48717948717948717,0.15789473684210525,1
-0.011761286433648557,0.22217611336032389,0.48717948717948717,0.21052631578947367,1
-0.013062703554225438,0.25296017362616563,0.48717948717948717,0.26315789473684209,1.0000000000000002
-0.014709471678410833,0.28597192294302426,0.48717948717948717,0.31578947368421051,1
-0.014796794045688883,0.31876525013484092,0.48717948717948717,0.36842105263157893,1
-0.014973999302052069,0.35203631851474582,0.48717948717948717,0.42105263157894735,1.0000000000000002
-0.015799805362923545,0.38601768427648353,0.48717948717948717,0.47368421052631576,1
-0.017019965533440724,0.42186377525828445,0.48717948717948717,0.52631578947368418,0.99999999999999989
-0.018136171098895589,0.45928244840480326,0.48717948717948717,0.57894736842105265,1.0000000000000002
-0.019938322554906837,0.49742804783407801,0.48717948717948717,0.63157894736842102,0.99999999999999989
-0.022234278127297606,0.5363018630881411,0.48717948717948717,0.68421052631578949,0.99999999999999989
-0.024879664182549485,0.57606111266232851,0.48717948717948717,0.73684210526315785,1
-0.027739525915780626,0.62209782373783462,0.48717948717948717,0.78947368421052633,1
-0.031046998095284127,0.67102968827978349,0.48717948717948717,0.84210526315789469,1
-0.034690215239711601,0.72066686837174188,0.48717948717948717,0.89473684210526316,1
-0.038853108713767827,0.77101861650864978,0.48717948717948717,0.94736842105263153,1
-0.043269231615384651,0.8225918000000001,0.48717948717948717,1,1
0,0.10249999999999999,0.51282051282051277,0,1
0.0018499160295886627,0.13258097165991906,0.51282051282051277,0.052631578947368418,1.0000000000000002
0.0034262880407632231,0.16258745954220494,0.51282051282051277,0.10526315789473684,1
0.0051953453974133718,0.19265812360117965,0.51282051282051277,0.15789473684210525,1.0000000000000002
0.0076719119469182365,0.22282388663967609,0.51282051282051277,0.21052631578947367,0.99999999999999989
0.010975757984236136,0.2537698902253559,0.51282051282051277,0.26315789473684209,1
0.013144394811974753,0.28694176742918293,0.51282051282051277,0.31578947368421051,1.0000000000000002
0.01663351960985434,0.31986738748073823,0.51282051282051277,0.36842105263157893,1
0.02048474676317303,0.35331424441507514,0.51282051282051277,0.42105263157894735,0.99999999999999978
0.023623271560153397,0.38747517415502586,0.51282051282051277,0.47368421052631576,0.99999999999999989
0.026072139729717142,0.42340223679674605,0.51282051282051277,0.52631578947368418,1
0.028324577104348957,0.4608073555906686,0.51282051282051277,0.57894736842105265,1
0.02981528148647928,0.49895252453122008,0.51282051282051277,0.63157894736842102,1.0000000000000002
0.031299609736132925,0.53784105079975031,0.51282051282051277,0.68421052631578949,0.99999999999999989
0.032180052416640868,0.57759957420079,0.51282051282051277,0.73684210526315785,0.99999999999999989
0.032850048983004837,0.62383105450706544,0.51282051282051277,0.78947368421052633,1.0000000000000002
0.032825266120810867,0.67305371848712747,0.51282051282051277,0.84210526315789469,1
0.032614870536386856,0.72296704661396116,0.51282051282051277,0.89473684210526316,0.99999999999999989
0.032363996549390039,0.77353092420095726,0.51282051282051277,0.94736842105263153,1
0.031490383769230669,0.82536380000000009,0.51282051282051277,1,1
0,0.10249999999999998,0.53846153846153844,0,1
0.0065489269019401121,0.13265750440826579,0.53846153846153844,0.052631578947368418,1.0000000000000002
0.012819835851957484,0.16256824580156193,0.53846153846153844,0.10526315789473684,0.99999999999999989
0.019286397899628258,0.19265385889234082,0.53846153846153844,0.15789473684210525,1
0.026440490921794731,0.22332955678407862,0.53846153846153844,0.21052631578947367,1.0000000000000002
0.033603238866396767,0.25451417004048582,0.53846153846153844,0.26315789473684209,1
0.040414114515139668,0.28718302322119071,0.53846153846153844,0.31578947368421051,1.0000000000000002
0.04771932564587486,0.31994301600062314,0.53846153846153844,0.36842105263157893,1
0.055581240085365087,0.3535637571110119,0.53846153846153844,0.42105263157894735,1
0.063592229629507807,0.38824030868188475,0.53846153846153844,0.47368421052631576,1
0.06984989767642498,0.42416701775551219,0.53846153846153844,0.52631578947368418,1
0.074486097040698404,0.46125590114191944,0.53846153846153844,0.57894736842105265,1.0000000000000002
0.079265414437330595,0.49940192644634807,0.53846153846153844,0.63157894736842102,0.99999999999999978
0.084485754287194043,0.5384934396304647,0.53846153846153844,0.68421052631578949,1
0.089853238866396748,0.57789473684210524,0.53846153846153844,0.73684210526315785,0.99999999999999989
0.093534598256365134,0.62487177681101813,0.53846153846153844,0.78947368421052633,0.99999999999999989
0.096354423869592087,0.67436504161831701,0.53846153846153844,0.84210526315789469,1
0.099678108446650177,0.724652612502382,0.53846153846153844,0.89473684210526316,1
0.10343500176406493,0.77545094249979496,0.53846153846153844,0.94736842105263153,0.99999999999999989
0.10697115330769233,0.8261558,0.53846153846153844,1,1
0,0.10249999999999999,0.5641025641025641,0,1
0.011056925335478097,0.13254907241544356,0.5641025641025641,0.052631578947368418,0.99999999999999989
0.021941809773434694,0.16228838425018993,0.5641025641025641,0.10526315789473684,1
0.032954269261180648,0.19224303841750395,0.5641025641025641,0.15789473684210525,1
0.044303282484655274,0.22301000693849088,0.5641025641025641,0.21052631578947367,1.0000000000000002
0.055855436136940606,0.25508646680940272,0.5641025641025641,0.26315789473684209,1
0.067000659909651275,0.28653439878602593,0.5641025641025641,0.31578947368421051,0.99999999999999989
0.078321984749963575,0.31921891154076382,0.5641025641025641,0.36842105263157893,1
0.090206911168157836,0.35281460601495362,0.5641025641025641,0.42105263157894735,1
0.10322961022931848,0.38755406201622489,0.5641025641025641,0.47368421052631576,1
0.11334741333421176,0.42344669928065964,0.5641025641025641,0.52631578947368418,1
0.12022117837468674,0.46067010554598137,0.5641025641025641,0.57894736842105265,1
0.12829934465134538,0.49899810841655706,0.5641025641025641,0.63157894736842102,1.0000000000000002
0.13710058394541022,0.53816548372687079,0.5641025641025641,0.68421052631578949,0.99999999999999978
0.14749280124879693,0.57781239569981346,0.5641025641025641,0.73684210526315785,1
0.1534553247299453,0.62482422581829999,0.5641025641025641,0.78947368421052633,0.99999999999999989
0.15939637500209022,0.67508040140980219,0.5641025641025641,0.84210526315789469,1
0.16630020422128181,0.72584944403534024,0.5641025641025641,0.89473684210526316,0.99999999999999978
0.17391540323710958,0.77680582754316274,0.5641025641025641,0.94736842105263153,1.0000000000000002
0.182451922846154,0.82694780000000001,0.5641025641025641,1,1
0,0.10249999999999999,0.58974358974358976,0,1
0.015419977479015474,0.13226487975352524,0.58974358974358976,0.052631578947368418,1.0000000000000002
0.030746693685516323,0.16169719125367396,0.58974358974358976,0.10526315789473684,1
0.046149075662661278,0.19136984856895306,0.58974358974358976,0.15789473684210525,0.99999999999999978
0.06174976925565405,0.22189484384414329,0.58974358974358976,0.21052631578947367,1
0.077671346643064465,0.25396559962448545,0.58974358974358976,0.26315789473684209,0.99999999999999989
0.092925059834705837,0.28499629948397809,0.58974358974358976,0.31578947368421051,1
0.10829876529901319,0.31754846491996147,0.58974358974358976,0.36842105263157893,1
0.12431726525829495,0.35101441929343835,0.58974358974358976,0.42105263157894735,1
0.14160836570806906,0.38559866838867435,0.58974358974358976,0.47368421052631576,1.0000000000000002
0.15547258013327783,0.42151751111358338,0.58974358974358976,0.52631578947368418,0.99999999999999989
0.16547540679011574,0.45900063504619232,0.58974358974358976,0.57894736842105265,1
0.17672162699064242,0.49760059995686112,0.58974358974358976,0.63157894736842102,1
0.18911097574981808,0.53688877725772677,0.58974358974358976,0.68421052631578949,1
0.20319227993409558,0.57683891563445111,0.58974358974358976,0.73684210526315785,0.99999999999999989
0.2124361310804605,0.62418125521867673,0.58974358974358976,0.78947368421052633,1
0.22181641044929284,0.67512907110407228,0.58974358974358976,0.84210526315789469,1
0.2322767319642414,0.72646933734123398,0.58974358974358976,0.89473684210526316,1
0.24376946558884699,0.77779411250846953,0.58974358974358976,0.94736842105263153,1
0.25685096153846176,0.82813580000000009,0.58974358974358976,1,1
0,0.10249999999999998,0.61538461538461542,0,1
0.019703011984844757,0.13177774410024926,0.61538461538461542,0.052631578947368418,1.0000000000000002
0.039143919395283062,0.1605855680482382,0.61538461538461542,0.10526315789473684,0.99999999999999989
0.058771923379405469,0.1897252645145501,0.61538461538461542,0.15789473684210525,1
0.079003952085305695,0.22000728376632089,0.61538461538461542,0.21052631578947367,1
0.098994180161943335,0.25093117408906879,0.61538461538461542,0.26315789473684209,0.99999999999999989
0.11806030100468988,0.2823568036892507,0.61538461538461542,0.31578947368421051,1
0.13709916179188086,0.31452733062798593,0.61538461538461542,0.36842105263157893,0.99999999999999989
0.15722643596298946,0.34794692515546599,0.61538461538461542,0.42105263157894735,1
0.17881933207509731,0.38252806672982476,0.61538461538461542,0.47368421052631576,1.0000000000000002
0.19631990439648025,0.41853181007474977,0.61538461538461542,0.52631578947368418,1
0.2092379360159089,0.45614339081572686,0.61538461538461542,0.57894736842105265,0.99999999999999989
0.22354986482810257,0.49492795743022439,0.61538461538461542,0.63157894736842102,0.99999999999999989
0.23964776587951861,0.53474251943635021,0.61538461538461542,0.68421052631578949,0.99999999999999989
0.25669913967611357,0.57485829959514156,0.61538461538461542,0.73684210526315785,1
0.27035096160843636,0.62317585552693677,0.61538461538461542,0.78947368421052633,1
0.2824111320337056,0.67436547289233795,0.61538461538461542,0.84210526315789469,1
0.29637966528300025,0.72633900808723029,0.61538461538461542,0.89473684210526316,0.99999999999999989
0.31238362286238852,0.77871342965329715,0.61538461538461542,0.94736842105263153,1
0.32800480769230789,0.83051180000000002,0.61538461538461542,1,1
0,0.10249999999999999,0.64102564102564108,0,1
0.023780384701980229,0.13096003813387513,0.64102564102564108,0.052631578947368418,0.99999999999999989
0.047239635568006338,0.15899124262011161,0.64102564102564108,0.10526315789473684,0.99999999999999989
0.070923942539257434,0.18732790712260405,0.64102564102564108,0.15789473684210525,1
0.095417481561037937,0.21666277457218722,0.64102564102564108,0.21052631578947367,1
0.12008593679563004,0.24703450395679488,0.64102564102564108,0.26315789473684209,0.99999999999999978
0.14206299050747309,0.27831590722086885,0.64102564102564108,0.31578947368421051,0.99999999999999989
0.16483324521704057,0.31038072263615851,0.64102564102564108,0.36842105263157893,1
0.1887471875648534,0.34360873296115119,0.64102564102564108,0.42105263157894735,1
0.21415498150242857,0.3778228311909978,0.64102564102564108,0.47368421052631576,1
0.23512799526939063,0.413976677344844,0.64102564102564108,0.52631578947368418,1
0.25122439927555062,0.45212445818574276,0.64102564102564108,0.57894736842105265,0.99999999999999989
0.268739673619735,0.49129162582394165,0.64102564102564108,0.63157894736842102,0.99999999999999989
0.28805428268995381,0.53147397590634526,0.64102564102564108,0.68421052631578949,0.99999999999999978
0.30920851927845766,0.57241911934141032,0.64102564102564108,0.73684210526315785,1
0.32556739067940726,0.62109193709966082,0.64102564102564108,0.78947368421052633,1
0.34103404662621511,0.67293061060092385,0.64102564102564108,0.84210526315789469,1.0000000000000002
0.35854629797206511,0.72567172090481025,0.64102564102564108,0.89473684210526316,0.99999999999999978
0.37829643177380912,0.77905006642325125,0.64102564102564108,0.94736842105263153,0.99999999999999989
0.3991586538461539,0.83288779999999996,0.64102564102564108,1,1
0,0.10249999999999999,0.66666666666666663,0,1
0.027656080573859359,0.12983172074401533,0.66666666666666663,0.052631578947368418,1
0.055016970902073789,0.15690140935204339,0.66666666666666663,0.10526315789473684,1
0.082591942025099174,0.18416080981157934,0.66666666666666663,0.15789473684210525,1
0.11094134817112097,0.21210868375444675,0.66666666666666663,0.21052631578947367,1
0.139889519826149,0.24201253274589188,0.66666666666666663,0.26315789473684209,0.99999999999999989
0.16493949022890056,0.2728771216132046,0.66666666666666663,0.31578947368421051,1
0.19143268336564562,0.30506378533922351,0.66666666666666663,0.36842105263157893,1
0.21885175654198691,0.33797152202838554,0.66666666666666663,0.42105263157894735,1
0.24769400855007151,0.37182380196600451,0.66666666666666663,0.47368421052631576,0.99999999999999989
0.27200475501740723,0.4081395914396887,0.66666666666666663,0.52631578947368418,1
0.2913985114207569,0.44691889044943822,0.66666666666666663,0.57894736842105265,1
0.31220547748604566,0.48664273270764463,0.66666666666666663,0.63157894736842102,1
0.33433959922921197,0.5270876479289941,0.66666666666666663,0.68421052631578949,1
0.35936365057156444,0.56885463800904967,0.66666666666666663,0.73684210526315785,0.99999999999999989
0.37826766738119111,0.61795419047705913,0.66666666666666663,0.78947368421052633,0.99999999999999989
0.39763465858553132,0.67080762993773035,0.66666666666666663,0.84210526315789469,0.99999999999999978
0.4186888820842678,0.72444185202553912,0.66666666666666663,0.89473684210526316,1
0.44159946096421698,0.77878724826924672,0.66666666666666663,0.94736842105263153,1
0.47031249999999974,0.8352638,0.66666666666666663,1,1
0,0.10250000000000001,0.69230769230769229,0,1
0.031350364838930798,0.12854317225220727,0.69230769230769229,0.052631578947368418,0.99999999999999989
0.062177965819858343,0.15427482286960459,0.69230769230769229,0.10526315789473684,1
0.093378855922339521,0.18022568883921203,0.69230769230769229,0.15789473684210525,1
0.12578116090653466,0.20694657865413008,0.69230769230769229,0.21052631578947367,1
0.15788958052032628,0.23541507075841428,0.69230769230769229,0.26315789473684209,0.99999999999999989
0.18661014263676148,0.26646146114456098,0.69230769230769229,0.31578947368421051,0.99999999999999978
0.21604076211227943,0.29821740926536416,0.69230769230769229,0.36842105263157893,1
0.24715793657003171,0.33101161909229188,0.69230769230769229,0.42105263157894735,0.99999999999999989
0.27989384789918959,0.36490785143391286,0.69230769230769229,0.47368421052631576,0.99999999999999989
0.30744580903457269,0.40138558422743514,0.69230769230769229,0.52631578947368418,1
0.32943972383980852,0.44039063070980561,0.69230769230769229,0.57894736842105265,0.99999999999999989
0.35301901788026957,0.4804644008144231,0.69230769230769229,0.63157894736842102,1
0.37875549840888106,0.52172444509066362,0.69230769230769229,0.68421052631578949,1
0.40622268931894345,0.56371466590011488,0.69230769230769229,0.73684210526315785,1.0000000000000002
0.4293623622601403,0.61409118956441033,0.69230769230769229,0.78947368421052633,1
0.45129726009558196,0.66764660188497227,0.69230769230769229,0.84210526315789469,1
0.47552800830453346,0.72224549405385274,0.69230769230769229,0.89473684210526316,1
0.50287545117843224,0.77782854922605382,0.69230769230769229,0.94736842105263153,1.0000000000000004
0.53088942307692299,0.8336798307692308,0.69230769230769229,1,1
0,0.10249999999999999,0.71794871794871795,0,1
0.034658271001039631,0.12705147488685178,0.71794871794871795,0.052631578947368418,0.99999999999999989
0.068721242931564869,0.15132688823736068,0.71794871794871795,0.10526315789473684,1
0.10320413644756062,0.17579871228115307,0.71794871794871795,0.15789473684210525,0.99999999999999989
0.13914241520016349,0.20091752208359459,0.71794871794871795,0.21052631578947367,1
0.17460146761133599,0.22769230769230767,0.71794871794871795,0.26315789473684209,1
0.20632512857137192,0.25895469286589845,0.71794871794871795,0.31578947368421051,1
0.23888641123105034,0.29031640026946559,0.71794871794871795,0.36842105263157893,1
0.27333382964418396,0.32274021034751083,0.71794871794871795,0.42105263157894735,1
0.31008122222169571,0.35664679833501445,0.71794871794871795,0.47368421052631576,1
0.34075448991856683,0.39327463393745782,0.71794871794871795,0.52631578947368418,0.99999999999999989
0.3650949603554256,0.43243848152935516,0.71794871794871795,0.57894736842105265,1
0.3916779787417301,0.47307366820406915,0.71794871794871795,0.63157894736842102,0.99999999999999989
0.42057085149039891,0.514990029750378,0.71794871794871795,0.68421052631578949,1
0.45072747975708494,0.55744939271255045,0.71794871794871795,0.73684210526315785,0.99999999999999989
0.47745238912794152,0.60892036315598941,0.71794871794871795,0.78947368421052633,1
0.50216324587218042,0.6634498883884673,0.71794871794871795,0.84210526315789469,1
0.52938384705355401,0.71909127240919823,0.71794871794871795,0.89473684210526316,0.99999999999999989
0.56007244716199645,0.77569801479260159,0.71794871794871795,0.94736842105263153,1.0000000000000002
0.59146634615384608,0.83209586153846149,0.71794871794871795,1,1
0,0.10249999999999999,0.74358974358974361,0,1
0.037552728107527619,0.12535010161824658,0.74358974358974361,0.052631578947368418,1.0000000000000002
0.074661097426873241,0.14807190990132318,0.74358974358974361,0.10526315789473684,0.99999999999999978
0.11208853660608482,0.17089244707489196,0.74358974358974361,0.15789473684210525,1
0.15066499813745962,0.19401218141633386,0.74358974358974361,0.21052631578947367,1
0.19011512690090226,0.21963058941398211,0.74358974358974361,0.26315789473684209,1
0.22408101703461292,0.25035222125622902,0.74358974358974361,0.31578947368421051,1
0.26002191424851023,0.28140854879936711,0.74358974358974361,0.36842105263157893,0.99999999999999989
0.29742863808777209,0.31318599136229563,0.74358974358974361,0.42105263157894735,1
0.33720469803592545,0.34646856853755092,0.74358974358974361,0.47368421052631576,0.99999999999999989
0.37091685857982098,0.3831813047600105,0.74358974358974361,0.52631578947368418,1
0.3984177274481871,0.42309451245164692,0.74358974358974361,0.57894736842105265,0.99999999999999978
0.42825688527308509,0.46451428338011141,0.74358974358974361,0.63157894736842102,0.99999999999999978
0.45977827915476488,0.50688079611405934,0.74358974358974361,0.68421052631578949,0.99999999999999989
0.49377223961734568,0.55044148393033232,0.74358974358974361,0.73684210526315785,1.0000000000000002
0.5220161132521689,0.60224056159720685,0.74358974358974361,0.78947368421052633,0.99999999999999989
0.55029537098117565,0.6582398466464342,0.74358974358974361,0.84210526315789469,1
0.58033589101091954,0.71500140903956533,0.74358974358974361,0.89473684210526316,1.0000000000000002
0.61291524156912847,0.77234087706674015,0.74358974358974361,0.94736842105263153,0.99999999999999989
0.65204326923076927,0.83051189230769229,0.74358974358974361,1,1
0,0.10249999999999999,0.76923076923076927,0,1
0.040176369872942104,0.12355344909875665,0.76923076923076927,0.052631578947368418,1
0.079731695836838784,0.14441763871604657,0.76923076923076927,0.10526315789473684,0.99999999999999978
0.11973371632911654,0.16541977876192926,0.76923076923076927,0.15789473684210525,0.99999999999999967
0.16114947380208089,0.18682654752200706,0.76923076923076927,0.21052631578947367,1
0.20296407225940022,0.210830304754762,0.76923076923076927,0.26315789473684209,1.0000000000000002
0.24008654139569247,0.2408817630799461,0.76923076923076927,0.31578947368421051,1
0.27849091187881664,0.27100744518622555,0.76923076923076927,0.36842105263157893,1
0.31908221844374501,0.30218355309555339,0.76923076923076927,0.42105263157894735,1
0.36209042089261378,0.3349207850174391,0.76923076923076927,0.47368421052631576,1
0.39880478980881984,0.37165972670037278,0.76923076923076927,0.52631578947368418,0.99999999999999989
0.42897253555813081,0.41207482800855616,0.76923076923076927,0.57894736842105265,1
0.46142512565771293,0.45392688300610418,0.76923076923076927,0.63157894736842102,1.0000000000000002
0.4966806005603287,0.49749707004788379,0.76923076923076927,0.68421052631578949,0.99999999999999978
0.53358577156119291,0.54178858639066685,0.76923076923076927,0.73684210526315785,1
0.56481222925414154,0.59483352643499565,0.76923076923076927,0.78947368421052633,1
0.59473479991982992,0.65147952573955703,0.76923076923076927,0.84210526315789469,0.99999999999999978
0.62709128675414227,0.70937036355142113,0.76923076923076927,0.89473684210526316,1
0.66296685477254635,0.76832085881617085,0.76923076923076927,0.94736842105263153,1
0.70144230769230775,0.82714587692307695,0.76923076923076927,1,1
0,0.10249999999999999,0.79487179487179482,0,1
0.042358884616570017,0.12161154610241685,0.79487179487179482,0.052631578947368418,0.99999999999999978
0.08395871912656952,0.14045955067413401,0.79487179487179482,0.10526315789473684,1
0.12609389936151444,0.15949322300688765,0.79487179487179482,0.15789473684210525,1
0.17008677146622928,0.17917526758606428,0.79487179487179482,0.21052631578947367,1
0.21345521255060723,0.20137651821862348,0.79487179487179482,0.26315789473684209,1
0.25358894454561332,0.23030627514273275,0.79487179487179482,0.31578947368421051,1
0.2943502979462449,0.25926375876866314,0.79487179487179482,0.36842105263157893,0.99999999999999989
0.33769931354020877,0.28949462402123605,0.79487179487179482,0.42105263157894735,1
0.38433423868148758,0.3217611933126564,0.79487179487179482,0.47368421052631576,1
0.4239969539646492,0.35844917061754888,0.79487179487179482,0.52631578947368418,1
0.45598078855113411,0.39885176312697324,0.79487179487179482,0.57894736842105265,1
0.49117010696753133,0.44120567407185507,0.79487179487179482,0.63157894736842102,1
0.5298878587213004,0.48578516625499257,0.79487179487179482,0.68421052631578949,0.99999999999999978
0.57054023279352206,0.5316801619433198,0.79487179487179482,0.73684210526315785,1
0.60455958905943463,0.58586730925739072,0.79487179487179482,0.78947368421052633,0.99999999999999989
0.63524698034519955,0.64282254175821008,0.79487179487179482,0.84210526315789469,0.99999999999999978
0.66980369455967315,0.70209947081031532,0.79487179487179482,0.89473684210526316,0.99999999999999989
0.70861340125038685,0.76290450918721542,0.79487179487179482,0.94736842105263153,0.99999999999999989
0.74711538461538463,0.82318584615384616,0.79487179487179482,1,1
0,0.10249999999999998,0.82051282051282048,0,1
0.044005029802442294,0.11948600569816485,0.82051282051282048,0.052631578947368418,1
0.087425396347117879,0.13624076221865955,0.82051282051282048,0.10526315789473684,0.99999999999999978
0.13126888433480738,0.15316036304498293,0.82051282051282048,0.15789473684210525,1
0.17653058388832601,0.17066182105551037,0.82051282051282048,0.21052631578947367,1
0.22300757657001635,0.19154388322303445,0.82051282051282048,0.26315789473684209,1
0.26449625648181657,0.21857899428595026,0.82051282051282048,0.31578947368421051,0.99999999999999989
0.30786649371420127,0.24633611774441683,0.82051282051282048,0.36842105263157893,1
0.35338967728767273,0.27518267700858084,0.82051282051282048,0.42105263157894735,1
0.40205699868891764,0.30592066604547935,0.82051282051282048,0.47368421052631576,1
0.44441574424660535,0.34230612069887367,0.82051282051282048,0.52631578947368418,1
0.47956684625127999,0.38350108396744226,0.82051282051282048,0.57894736842105265,0.99999999999999978
0.51783841844512746,0.4265537447455045,0.82051282051282048,0.63157894736842102,1
0.55922805067887915,0.47162565720796157,0.82051282051282048,0.68421052631578949,0.99999999999999989
0.60567945593281536,0.52034980565345401,0.82051282051282048,0.73684210526315785,1
0.63879700549186347,0.5737338115699222,0.82051282051282048,0.78947368421052633,1
0.67213677019423346,0.63240461573390616,0.82051282051282048,0.84210526315789469,1
0.70888067108789732,0.6933444235526568,0.82051282051282048,0.89473684210526316,0.99999999999999978
0.74891961479031299,0.75569530359640913,0.82051282051282048,0.94736842105263153,1
0.79278846153846139,0.81922581538461525,0.82051282051282048,1,1
0,0.10249999999999998,0.84615384615384615,0,1
0.04527021198867711,0.11721879922043206,0.84615384615384615,0.052631578947368418,0.99999999999999989
0.089940243265913988,0.13171876322613285,0.84615384615384615,0.10526315789473684,1
0.13504676602297483,0.14637287550821412,0.84615384615384615,0.15789473684210525,1
0.18159131263326525,0.16159299514457914,0.84615384615384615,0.21052631578947367,1
0.22952326482912566,0.18036979415420848,0.84615384615384615,0.26315789473684209,1
0.27302398206703149,0.20578801362476126,0.84615384615384615,0.31578947368421051,1
0.31825158418985444,0.23194064333047926,0.84615384615384615,0.36842105263157893,0.99999999999999978
0.36588505386661041,0.25915435465039205,0.84615384615384615,0.42105263157894735,1
0.41666985293992986,0.2882688441831312,0.84615384615384615,0.47368421052631576,1.0000000000000002
0.46148305193891298,0.32412798304705182,0.84615384615384615,0.52631578947368418,1
0.49937475433186879,0.36584501857148616,0.84615384615384615,0.57894736842105265,0.99999999999999989
0.54027726298163969,0.4093169187644044,0.84615384615384615,0.63157894736842102,1.0000000000000002
0.58490518027794391,0.45511996674824651,0.84615384615384615,0.68421052631578949,0.99999999999999978
0.63428522516358465,0.50443887447936497,0.84615384615384615,0.73684210526315785,1.0000000000000002
0.6695662386902439,0.55939150954563066,0.84615384615384615,0.78947368421052633,0.99999999999999989
0.70461931255744237,0.61969909581761007,0.84615384615384615,0.84210526315789469,1
0.74329336650601752,0.68244224412332088,0.84615384615384615,0.89473684210526316,1
0.78545808847452347,0.74706071655187467,0.84615384615384615,0.94736842105263153,1
0.8312500153846154,0.81249380000000004,0.84615384615384615,1,1
0,0.10249999999999999,0.87179487179487181,0,1
0.046136637306213785,0.11482416176446707,0.87179487179487181,0.052631578947368418,0.99999999999999989
0.091462815544405107,0.12692590916739596,0.87179487179487181,0.10526315789473684,1
0.137360771111184,0.13918417904844757,0.87179487179487181,0.15789473684210525,1
0.18523935288126595,0.15199247370909574,0.87179487179487181,0.21052631578947367,1
0.23300227732793521,0.16785425101214571,0.87179487179487181,0.26315789473684209,1
0.27884353232825443,0.19200148494615907,0.87179487179487181,0.31578947368421051,1
0.32511517329890527,0.2161154229487334,0.87179487179487181,0.36842105263157893,0.99999999999999989
0.37451719837103481,0.24143881672438561,0.87179487179487181,0.42105263157894735,1
0.42817166093395853,0.26880574094880683,0.87179487179487181,0.47368421052631576,1.0000000000000002
0.47519757125106959,0.30391461220693872,0.87179487179487181,0.52631578947368418,1.0000000000000002
0.51437177066546558,0.34556280938423134,0.87179487179487181,0.57894736842105265,1
0.55762015172923229,0.38907623448784318,0.87179487179487181,0.63157894736842102,0.99999999999999989
0.60573876120807513,0.43551842521892142,0.87179487179487181,0.68421052631578949,0.99999999999999989
0.65635754048582995,0.48394736842105263,0.87179487179487181,0.73684210526315785,1
0.69653330892616228,0.54252044275929956,0.87179487179487181,0.78947368421052633,1
0.73190167182831489,0.60370129593518429,0.87179487179487181,0.84210526315789469,1
0.77251347308258844,0.66844155080166967,0.87179487179487181,0.89473684210526316,1.0000000000000002
0.81793299495935579,0.73612966200533125,0.87179487179487181,0.94736842105263153,0.99999999999999989
0.86250004615384612,0.80298979999999998,0.87179487179487181,1,1
0,0.10249999999999998,0.89743589743589747,0,1
0.046428158744917958,0.11227671435745132,0.89743589743589747,0.052631578947368418,1.0000000000000002
0.092170740126478579,0.1219157959968854,0.89743589743589747,0.10526315789473684,1
0.13840487902237186,0.13165693767615097,0.89743589743589747,0.15789473684210525,1
0.18622198705596688,0.14166732234399945,0.89743589743589747,0.21052631578947367,1
0.2354979121028721,0.15498456175331998,0.89743589743589747,0.26315789473684209,1.0000000000000002
0.28161926211578225,0.17715623312042775,0.89743589743589747,0.31578947368421051,1
0.32908920006673659,0.19915955254974244,0.89743589743589747,0.36842105263157893,1
0.37939458935218151,0.22213639273673697,0.89743589743589747,0.42105263157894735,1.0000000000000002
0.43393469063323098,0.24667582065079321,0.89743589743589747,0.47368421052631576,1
0.48274451494222725,0.28061344404521849,0.89743589743589747,0.52631578947368418,1
0.52466692107323021,0.32275553527537493,0.89743589743589747,0.57894736842105265,1
0.57067369123487044,0.36631847933535389,0.89743589743589747,0.63157894736842102,1
0.62109317451933754,0.41244551093861848,0.89743589743589747,0.68421052631578949,1
0.67626123697937035,0.46196220475065863,0.89743589743589747,0.73684210526315785,1
0.71605095184864953,0.52062402428833443,0.89743589743589747,0.78947368421052633,1
0.75455583533549531,0.58466815233489566,0.89743589743589747,0.84210526315789469,1
0.79738882859754834,0.65167935297082691,0.89743589743589747,0.89473684210526316,0.99999999999999967
0.84442692617013415,0.72151933155333159,0.89743589743589747,0.94736842105263153,1
0.89375007692307695,0.79348580000000002,0.89743589743589747,1,1
0,0.10249999999999999,0.92307692307692313,0,1
0.046241936355773873,0.10961330991843501,0.92307692307692313,0.052631578947368418,1
0.092017021638164359,0.11667682238904251,0.92307692307692313,0.10526315789473684,1
0.13811101317365906,0.12377435152664776,0.92307692307692313,0.15789473684210525,0.99999999999999989
0.18549169047003669,0.13100912714541385,0.92307692307692313,0.21052631578947367,0.99999999999999989
0.23515304156052141,0.14172871229449691,0.92307692307692313,0.26315789473684209,0.99999999999999989
0.28143752506595832,0.1613001861821613,0.92307692307692313,0.31578947368421051,1.0000000000000002
0.33000711924480197,0.18101109090649306,0.92307692307692313,0.36842105263157893,0.99999999999999989
0.38039231875223534,0.20120078853624979,0.92307692307692313,0.42105263157894735,0.99999999999999989
0.43519333406726446,0.22295568615300632,0.92307692307692313,0.47368421052631576,1
0.48546328555156998,0.25538576402643759,0.92307692307692313,0.52631578947368418,1
0.53010408904222917,0.2973451952039286,0.92307692307692313,0.57894736842105265,0.99999999999999978
0.5791906343182831,0.34090105579048774,0.92307692307692313,0.63157894736842102,0.99999999999999989
0.63112024585487081,0.38600783779924852,0.92307692307692313,0.68421052631578949,1.0000000000000002
0.68948139154988142,0.43558075572644989,0.92307692307692313,0.73684210526315785,1
0.73064993825988866,0.49537701537547413,0.92307692307692313,0.78947368421052633,1
0.77233191525476463,0.56243406650533845,0.92307692307692313,0.84210526315789469,0.99999999999999989
0.81766694871014034,0.63199207643887534,0.92307692307692313,0.89473684210526316,1
0.8659070274665257,0.70372012034629505,0.92307692307692313,0.94736842105263153,1
0.92091355384615392,0.78081379230769221,0.92307692307692313,1,1
0,0.10250000000000001,0.94871794871794868,0,1
0.045800956709131813,0.1069211978654383,0.94871794871794868,0.052631578947368418,1
0.091211814498254745,0.11130078517940896,0.94871794871794868,0.10526315789473684,0.99999999999999989
0.13689083276862596,0.11570897627804615,0.94871794871794868,0.15789473684210525,0.99999999999999989
0.18361225819737323,0.12022835747357677,0.94871794871794868,0.21052631578947367,1
0.23159792510121455,0.12803643724696356,0.94871794871794868,0.26315789473684209,1
0.27956593222134218,0.14502133962783367,0.94871794871794868,0.31578947368421051,1
0.32843614118607511,0.16198387370584078,0.94871794871794868,0.36842105263157893,1
0.37884887559732955,0.17935341169276559,0.94871794871794868,0.42105263157894735,1.0000000000000002
0.43252673870692221,0.19788556298575202,0.94871794871794868,0.47368421052631576,1
0.48397556972706451,0.22851461954047889,0.94871794871794868,0.52631578947368418,1.0000000000000002
0.53236655113467801,0.27037572828938616,0.94871794871794868,0.57894736842105265,1
0.58401231950976473,0.31338865897301771,0.94871794871794868,0.63157894736842102,1.0000000000000002
0.63807204379917093,0.35771791231457328,0.94871794871794868,0.68421052631578949,1
0.69514802631578965,0.40423076923076917,0.94871794871794868,0.73684210526315785,1
0.7418493964259244,0.46779020593830112,0.94871794871794868,0.78947368421052633,0.99999999999999989
0.78664734515331325,0.537848888071357,0.94871794871794868,0.84210526315789469,1
0.83439788923227831,0.60992835127886924,0.94871794871794868,0.89473684210526316,0.99999999999999989
0.88458236922960143,0.6838256856089725,0.94871794871794868,0.94736842105263153,1
0.93581736923076919,0.75863776153846152,0.94871794871794868,1,1
0,0.10250000000000001,0.97435897435897434,0,1
0.045068584715768592,0.10419800396212463,0.97435897435897434,0.052631578947368418,0.99999999999999989
0.089950496382325593,0.10587609613233336,0.97435897435897434,0.10526315789473684,1
0.13496642607356427,0.10756848355850812,0.97435897435897434,0.15789473684210525,1
0.18036358617613518,0.10930153556189168,0.97435897435897434,0.21052631578947367,1
0.22661310728744943,0.11414979757085024,0.97435897435897434,0.26315789473684209,1.0000000000000002
0.27598292804899127,0.12836334964090018,0.97435897435897434,0.31578947368421051,1.0000000000000002
0.32508841823352064,0.14246485519604676,0.97435897435897434,0.36842105263157893,1
0.37501897849778099,0.15678485941154452,0.97435897435897434,0.42105263157894735,0.99999999999999989
0.42549974696356269,0.17131578947368414,0.97435897435897434,0.47368421052631576,1
0.47781503036437251,0.19981781376518215,0.97435897435897434,0.52631578947368418,0.99999999999999989
0.53177709217789482,0.24209503330623114,0.97435897435897434,0.57894736842105265,0.99999999999999989
0.58619512628154258,0.28448484556898695,0.97435897435897434,0.63157894736842102,1.0000000000000002
0.64189941901181169,0.32757439671493621,0.97435897435897434,0.68421052631578949,1
0.6974506578947367,0.37066801619433176,0.97435897435897434,0.73684210526315785,1
0.74899818481164404,0.43741543340972688,0.97435897435897434,0.78947368421052633,1
0.79824758796149176,0.51133997950094212,0.97435897435897434,0.84210526315789469,0.99999999999999989
0.84855179738820374,0.58598417154367022,0.97435897435897434,0.89473684210526316,0.99999999999999978
0.90004267277596517,0.66151382421912341,0.97435897435897434,0.94736842105263153,0.99999999999999978
0.95072118461538446,0.73646173076923083,0.97435897435897434,1,1
0,0.10249999999999999,1,0,1
0.044078947368421051,0.10144736842105263,1,0.052631578947368418,1
0.088157894736842102,0.10039473684210526,1,0.10526315789473684,1
0.13223684210526315,0.099342105263157898,1,0.15789473684210525,1
0.1763157894736842,0.098289473684210538,1,0.21052631578947367,1
0.22162828947368421,0.10026315789473685,1,0.26315789473684209,1
0.27064144736842105,0.1113157894736842,1,0.31578947368421051,1
0.31965460526315792,0.12236842105263157,1,0.36842105263157893,1
0.36866776315789473,0.13342105263157894,1,0.42105263157894735,1
0.41768092105263155,0.14447368421052631,1,0.47368421052631576,1
0.47080592105263153,0.17078947368421049,1,0.52631578947368418,1
0.52804276315789478,0.2123684210526316,1,0.57894736842105265,1
0.58527960526315792,0.25394736842105259,1,0.63157894736842102,1
0.64251644736842106,0.29552631578947369,1,0.68421052631578949,1
0.6997532894736842,0.33710526315789469,1,0.73684210526315785,1
0.75378289473684212,0.40541353157894733,1,0.78947368421052633,1
0.80674342105263153,0.4826315736842105,1,0.84210526315789469,1
0.85970394736842104,0.55984961578947368,1,0.89473684210526316,1
0.91266447368421044,0.63706765789473674,1,0.94736842105263153,1
0.96562499999999996,0.71428570000000002,1,1,1
